<?xml version="1.0" encoding="UTF-8"?>
<services xmlns="http://www.demandware.com/xml/impex/services/2014-09-26">
    <service-credential service-credential-id="KlaviyoEventCredentials">
        <url>https://a.klaviyo.com/api/events/</url>
        <user-id/>
        <password/>
    </service-credential>

    <service-profile service-profile-id="KlaviyoEventProfile">
        <timeout-millis>5000</timeout-millis>
        <rate-limit-enabled>false</rate-limit-enabled>
        <rate-limit-calls>0</rate-limit-calls>
        <rate-limit-millis>0</rate-limit-millis>
        <cb-enabled>false</cb-enabled>
        <cb-calls>5</cb-calls>
        <cb-millis>1000</cb-millis>
    </service-profile>

    <service service-id="KlaviyoEventService">
        <service-type>HTTP</service-type>
        <enabled>true</enabled>
        <log-prefix>KlaviyoEventService</log-prefix>
        <comm-log-enabled>false</comm-log-enabled>
        <force-prd-enabled>true</force-prd-enabled>
        <mock-mode-enabled>false</mock-mode-enabled>
        <profile-id>KlaviyoEventProfile</profile-id>
        <credential-id>KlaviyoEventCredentials</credential-id>
    </service>

</services>
